Company,Domain,Country,Service Focus
Igniyte,igniyte.com,UK,Corporate reputation + review management + crisis PR
Reputation Management Services UK,reputationmanagementservices.co.uk,UK,Negative link removal
Negative Reviews Management,negativereviewsmanagement.co.uk,UK,Review removal
Online Reputation Management (ORMco),onlinereputationmanagement.co.uk,UK,Review removal across Google/Yell/Trustpilot/Glassdoor
Pure Reputation,purereputation.co.uk,UK,Review removal + reputation repair
SuperHub,superhub.biz,UK/EU,Reputation management UK and EU
iProtego,iprotego.com,France,Technical + legal e-reputation
Netino,netino.com,France,Content moderation + e-reputation
CyberCite,cybercite.fr,France,SEO + e-reputation
La Netscouade,lanetscouade.com,France,Influence + communication
Laudans,laudans.com,France,E-reputation agency since 2012
WebCleaner,webcleaner.fr,France,Corporate e-reputation cleanup
Club E-reputation,club-ereputation.fr,France,Crisis management for businesses/individuals
E-reputation Paris,ereputation-paris.com,France,Google result cleanup
Aveefy,aveefy.com,France,Negative Google review removal
Oli-via-net,oli-via-net.fr,France,SEO + Google/Trustpilot review management
RH Reputation,rh-reputation.de,Germany,Reputationsmanagement
Dein-Image,dein-image.de,Germany,Review deletion + reputation management
ReputationsHilfe24,reputations-hilfe24.de,Germany,B2B reputation management
ListingProfis,listingprofis.de,Germany,Reputationsmanagement
Dein Ruf,dein-ruf.de,Germany,Online reputation + review deletion
Dein Guter Ruf,deinguterruf.de,Germany,Reputationsmanagement since 2007
Die Web-Experten,dieweb-experten.de,Germany,5-star reputation management
BrightShield,brightshield.nl,Netherlands,Legal review removal (fake reviews)
InternetIQ,internetiq.nl,Netherlands,Online reputation management
Sovix,sovix.nl,Netherlands,Online reputation management
SH-Online,sh-online.nl,Netherlands,Reputation management for businesses
Pingwin,pingwin.nl,Netherlands,Online reputation management
MediaMaze NL,mediamaze.nl,Netherlands,Search + AI reputation management
MediaMaze BE,mediamaze.be,Belgium,Reputation damage prevention + recovery
Lex Digital,lexdigital.be,Belgium,Legal review removal
Illusion Studio,illusionstudio.es,Spain,Online reputation agency
RepuFix,repufix.es,Spain,Negative review removal
O10 Media,o10media.es,Spain,Online reputation management
202 Digital Reputation,202digitalrep.com,Spain,Legal + SEO + AI reputation defense
Borrar Contenido,borrarcontenido.com,Spain,Content removal specialist
Ieros,ieros.it,Italy,Corporate digital reputation, 24h monitoring
Noima,noima.it,Italy,Reputation analysis + content removal
Libellula Lab 4.0,libellulagraficalab.com,Italy,AI-driven review removal
OkReputazione,okreputazione.com,Italy,Full-cycle review acquisition + removal
Reputazione Digitale,reputazionedigitale.net,Italy,Negative/defamatory review removal
CityReputation,cityreputation.it,Italy,Review removal specialist network
ReputationUP,reputationup.com,Italy,Scientific approach to ORM, global reach
AWM Solutions,awmsolutions.it,Italy,Negative content removal + ORM
Wizaro,wizaro.pl,Poland,Proactive reputation management
Warsaw Media House,wmh.agency,Poland,Communication + online monitoring
Twoja Reputacja,twojareputacja.pl,Poland,Negative review removal (ALEO platform)
PREALS,preals.pl,Poland,Strategic communication + reputation since 2008
Repu Agency,repuopinie.com,Poland,Review acquisition + removal
Penguinbehaviour,penguinbehaviour.pl,Poland,SERM (search engine reputation management)
Opinie.pro,opinie.pro,Poland,Google/Facebook reputation management
ATAK Nordic,atak.se,Sweden,Nordic ORM leader, 15+ years
Viseo,viseo.se,Sweden,ORM for Norway/Denmark/Sweden
Nordiseo,nordiseo.com,Sweden,Digital marketing + reputation management
Koplankar,koplankar.se,Sweden,Reputation management + Google cleanup
OICO Integrity,oicointegrity.se,Sweden,Executive reputation management
SEO Solutions Ireland,seosolutions.ie,Ireland,Online reputation management
First Page Austria,firstpage.at,Austria,Reputation management services
Studio351,studio351.pt,Portugal,Agency specialized in SERM
