Company,Category,Likely Website,SaaStr Page,Buyer Fit Reason,Pain They Feel,Pitch Hook,Contact Priority,Status
Chargebee,Payments/Fintech (Billing SaaS),chargebee.com,https://www.saastrannual2026.com/sponsor/chargebee,B2B SaaS selling to founders/CFOs. Needs pipeline for outbound to SaaS operators. Sponsoring SaaStr = deploying $$ to find buyers.,SaaStr booth ROI anxiety. Post-event follow-up chaos.,Pre-book meetings with attendee ICP before May 12. Warm accounts to meet at booth vs random walk-ins.,HIGH,not_started
PandaDoc,Productivity (Documents),pandadoc.com,https://www.saastrannual2026.com/sponsor/pandadoc,Sells to sales/legal teams at SMBs. Needs constant outbound to keep pipeline.,Apollo saturated for sales-ops buyers. Booth traffic random.,Deliver pre-warmed attendee list segmented by RevOps/Sales personas.,HIGH,not_started
Aircall,Support (Business Phone),aircall.io,https://www.saastrannual2026.com/sponsor/aircall,Sells to SDR teams and support teams. Growth-stage.,Reply rates dropping. Same competitor list.,Google Maps + hiring signals for companies staffing SDR teams (their exact ICP).,HIGH,not_started
Alloy,Operations/Integrations,alloy.com,https://www.saastrannual2026.com/sponsor/alloy,Integration platform for fintech/lender ICP overlap.,Need founder-level access to fintech operators.,Cross-sell: we already source lender/fintech operators for other clients. Same list works for you.,HIGH,not_started
Merge,Operations/Integrations,merge.dev,https://www.saastrannual2026.com/sponsor/merge,Unified API for HRIS/ATS. Sells to eng leaders at SaaS.,SaaS eng leaders scattered across platforms.,Pull SaaS companies actively building integrations (hiring signals + tech stack scans).,HIGH,not_started
Polytomic,Data & Analytics,polytomic.com,https://www.saastrannual2026.com/sponsor/polytomic,Data platform for RevOps. Small team.,Reaching RevOps buyers who dont sit on Apollo.,High-intent RevOps leaders sourced via hiring pings + tool stack.,MEDIUM,not_started
Prismatic,Operations/Integrations,prismatic.io,https://www.saastrannual2026.com/sponsor/prismatic,Integration platform for SaaS.,Same as Alloy/Paragon - competing for SaaS eng attention.,Segment SaaS companies by product surface area needing integrations. Deliver hot list.,MEDIUM,not_started
Paragon,Operations/Integrations,useparagon.com,https://www.saastrannual2026.com/sponsor/paragon,Integration platform. Founder-run.,SaaS founder outreach is expensive and hit-or-miss.,Cross-check Apollo. Deliver only SaaS founders not already burned.,MEDIUM,not_started
Ampersand,Operations/Integrations,ampersand.dev,https://www.saastrannual2026.com/sponsor/ampersand,Integration platform. Small team.,Same as above.,Same as above.,MEDIUM,not_started
Cake Equity,Payments (Equity Mgmt),cakeequity.com,https://www.saastrannual2026.com/sponsor/cake-equity,Sells to founders raising rounds. Small team.,Founders scattered across LinkedIn + Twitter.,Founders who just closed a round (public raise signal + hiring + LinkedIn posts).,HIGH,not_started
Kintsugi,Payments (Sales Tax SaaS),trykintsugi.com,https://www.saastrannual2026.com/sponsor/kintsugi,Sales tax for SaaS. Small B2B.,Reaching CFOs/finance leaders at SaaS.,Finance-role hiring signals + revenue banding filters.,MEDIUM,not_started
Nue,CRM & RevOps (Revenue Mgmt),nue.io,https://www.saastrannual2026.com/sponsor/nue,Revenue lifecycle SaaS. Sells to RevOps/CROs.,Small addressable market. Every RevOps buyer is fought over.,Pull RevOps leaders + CROs at 100-1000 employee SaaS.,HIGH,not_started
Pylon,CRM & RevOps (Support),usepylon.com,https://www.saastrannual2026.com/sponsor/pylon,Modern support tool for B2B SaaS. Founder-led. Returning sponsor.,Growth phase. Needs constant SaaS founder pipeline.,SaaS founders hiring for CX/support = active buying signal.,HIGH,not_started
Duplo Cloud,Developer Tools (DevOps),duplocloud.com,https://www.saastrannual2026.com/sponsor/duplocloud,DevOps automation. 6th-time SaaStr sponsor = aggressive on pipeline.,SaaS eng leaders hard to reach cold.,Companies hiring DevOps/SRE + on AWS/GCP = active spend signal.,HIGH,not_started
HappyFox,Support (Help Desk),happyfox.com,https://www.saastrannual2026.com/sponsor/happyfox,Help desk software. Mid-market ICP.,Zendesk competes for same buyer.,Companies posting Zendesk complaints/reviews + support hiring surge.,MEDIUM,not_started
Qobra,CRM & RevOps (Comp Mgmt),qobra.co,https://www.saastrannual2026.com/sponsor/qobra,Sales commission SaaS. European roots expanding US.,Reaching US CFO/RevOps buyers.,US CROs + CFOs at SaaS. Hiring signals for sales ops.,MEDIUM,not_started
Mosaic,Payments (Finance Planning),mosaic.tech,https://www.saastrannual2026.com/sponsor/mosaic,Strategic finance SaaS. Sells to CFOs at scaling SaaS.,CFO buyer is scattered and hard to reach cold.,SaaS with 100+ employees + finance leader hiring = active buying window.,MEDIUM,not_started
Archera,Developer Tools (Cloud Cost),archera.ai,https://www.saastrannual2026.com/sponsor/archera,Cloud cost SaaS. Sells to eng/finance leaders.,AWS-heavy companies scattered.,Companies with big AWS spend signals + hiring cloud roles.,MEDIUM,not_started
Firebolt,Data (Warehouse),firebolt.io,https://www.saastrannual2026.com/sponsor/firebolt,Data warehouse. Sells to data eng leaders at SaaS.,Snowflake/Databricks locked in most.,Companies hiring data eng + recently moved off Snowflake (churn signals).,MEDIUM,not_started
Gamma,Marketing (Deck/Slides),gamma.app,https://www.saastrannual2026.com/sponsor/gamma,AI deck tool. Prosumer + SMB.,Wide TAM but hard to segment.,Marketing/content leaders at SaaS + agencies (they present constantly).,MEDIUM,not_started
Agree.com,Productivity (Contracts),agree.com,https://www.saastrannual2026.com/sponsor/agree-com,Contract management. Small SaaS.,DocuSign owns market.,Fast-growing SaaS with legal/ops hiring signals.,LOW,not_started
Shoplazza,Marketing (Ecom),shoplazza.com,https://www.saastrannual2026.com/sponsor/shoplazza,Ecommerce platform. Shopify competitor.,Reaching DTC brand founders.,DTC brand founders (Apollo indexes almost none). Google Maps + Shopify signals.,HIGH,not_started
